{"acc": [0.5214285850524902, 0.5642856955528259, 0.5928571224212646, 0.6499999761581421, 0.6357142925262451, 0.6571428775787354, 0.5714285969734192, 0.6357142925262451, 0.6214285492897034, 0.6499999761581421, 0.5428571701049805, 0.6000000238418579, 0.5928571224212646, 0.6357142925262451, 0.6000000238418579, 0.6642857193946838, 0.6785714030265808, 0.6285714507102966, 0.5928571224212646, 0.6357142925262451, 0.6285714507102966, 0.6142857074737549, 0.6785714030265808, 0.6785714030265808, 0.6000000238418579, 0.6785714030265808, 0.6499999761581421, 0.6857143044471741, 0.6499999761581421, 0.7071428298950195, 0.5785714387893677, 0.5785714387893677, 0.6642857193946838, 0.699999988079071, 0.6785714030265808, 0.6571428775787354, 0.6642857193946838, 0.6499999761581421, 0.7357142567634583, 0.6214285492897034, 0.6571428775787354], "loss": [0.695859968662262, 0.6920771598815918, 0.691031277179718, 0.6801412105560303, 0.6762243509292603, 0.6611589789390564, 0.6669773459434509, 0.6644906401634216, 0.6461578607559204, 0.6599005460739136, 0.6815571784973145, 0.668400764465332, 0.6553556323051453, 0.6610509157180786, 0.6600085496902466, 0.6573290228843689, 0.6309744119644165, 0.6580682992935181, 0.6545261144638062, 0.6551809906959534, 0.6596660017967224, 0.6472442746162415, 0.6245648264884949, 0.6429674029350281, 0.6653494238853455, 0.6434823870658875, 0.6278036236763, 0.5989205837249756, 0.6340023875236511, 0.6016142964363098, 0.6523352861404419, 0.6641699075698853, 0.6375477910041809, 0.6100077033042908, 0.5909325480461121, 0.6144310235977173, 0.6140795350074768, 0.597362220287323, 0.580679178237915, 0.6425354480743408, 0.622806966304779], "val_acc": [0.5, 0.5, 0.5, 0.5, 0.5, 0.5, 0.5, 0.5, 0.5, 0.5, 0.6833333373069763, 0.75, 0.699999988079071, 0.699999988079071, 0.6833333373069763, 0.75, 0.699999988079071, 0.7166666388511658, 0.6833333373069763, 0.75, 0.7333333492279053, 0.7333333492279053, 0.7333333492279053, 0.7333333492279053, 0.7333333492279053, 0.7833333611488342, 0.5333333611488342, 0.7333333492279053, 0.7333333492279053, 0.7166666388511658, 0.7166666388511658, 0.6833333373069763, 0.75, 0.6499999761581421, 0.6333333253860474, 0.7333333492279053, 0.75, 0.7333333492279053, 0.7166666388511658, 0.6499999761581421, 0.5666666626930237], "val_loss": [0.696879506111145, 0.709017813205719, 0.7804438471794128, 0.9666776657104492, 1.1268795728683472, 1.3747738599777222, 1.280645489692688, 1.2196663618087769, 0.8958705067634583, 0.7020689845085144, 0.6059007048606873, 0.5880986452102661, 0.5775152444839478, 0.5801602602005005, 0.5593236088752747, 0.5725376605987549, 0.5518180727958679, 0.5488932132720947, 0.5644152760505676, 0.5352514386177063, 0.5600464940071106, 0.5678562521934509, 0.5960044860839844, 0.5768061876296997, 0.5263493657112122, 0.5449745655059814, 0.7480942010879517, 0.5504899621009827, 0.5174005031585693, 0.5450512170791626, 0.562187135219574, 0.6202478408813477, 0.5432913899421692, 0.6009020209312439, 0.5921165347099304, 0.5422073006629944, 0.5181924104690552, 0.5347763895988464, 0.5569260716438293, 0.6701990365982056, 0.6475174427032471], "learning_rate": [9.999999974752427e-07, 2.7999999474559445e-06, 4.600000011123484e-06, 6.4000000747910235e-06, 8.199999683711212e-06, 9.999999747378752e-06, 9.999999747378752e-06, 9.999999747378752e-06, 9.999999747378752e-06, 9.999999747378752e-06, 9.999999747378752e-06, 9.999999747378752e-06, 9.999999747378752e-06, 9.999999747378752e-06, 9.999999747378752e-06, 9.999999747378752e-06, 9.999999747378752e-06, 9.999999747378752e-06, 9.999999747378752e-06, 9.999999747378752e-06, 9.999999747378752e-06, 9.999999747378752e-06, 9.999999747378752e-06, 9.999999747378752e-06, 9.999999747378752e-06, 9.999999747378752e-06, 9.999999747378752e-06, 9.999999747378752e-06, 9.999999747378752e-06, 9.999999747378752e-06, 9.999999747378752e-06, 9.999999747378752e-06, 9.999999747378752e-06, 9.999999747378752e-06, 9.999999747378752e-06, 9.999999747378752e-06, 9.999999747378752e-06, 9.999999747378752e-06, 9.999999747378752e-06, 9.999999747378752e-06, 9.999999747378752e-06]}