{"acc": [0.4571428596973419, 0.48571428656578064, 0.550000011920929, 0.6071428656578064, 0.5285714268684387, 0.6214285492897034, 0.550000011920929, 0.6142857074737549, 0.6000000238418579, 0.6428571343421936, 0.5571428537368774, 0.5857142806053162, 0.6285714507102966, 0.6214285492897034, 0.5571428537368774, 0.6000000238418579, 0.5642856955528259, 0.6714285612106323, 0.6000000238418579, 0.6000000238418579, 0.6142857074737549, 0.6142857074737549, 0.5857142806053162, 0.5571428537368774], "loss": [0.6982350945472717, 0.6946142911911011, 0.6923752427101135, 0.6881257891654968, 0.6975880861282349, 0.685214638710022, 0.6847143769264221, 0.6801462769508362, 0.6816310882568359, 0.6726576685905457, 0.6778935790061951, 0.6844082474708557, 0.669972836971283, 0.6708682179450989, 0.6795496940612793, 0.6752261519432068, 0.6865585446357727, 0.6641680002212524, 0.666434109210968, 0.6578399538993835, 0.6640381217002869, 0.6612961292266846, 0.6635404825210571, 0.6796883344650269], "val_acc": [0.5, 0.5, 0.5166666507720947, 0.4833333194255829, 0.5, 0.5, 0.5, 0.5666666626930237, 0.7333333492279053, 0.6833333373069763, 0.699999988079071, 0.699999988079071, 0.699999988079071, 0.6833333373069763, 0.7333333492279053, 0.6833333373069763, 0.6833333373069763, 0.699999988079071, 0.699999988079071, 0.6833333373069763, 0.699999988079071, 0.6833333373069763, 0.699999988079071, 0.699999988079071], "val_loss": [0.7164691686630249, 0.7213563323020935, 0.7002300024032593, 0.7054117321968079, 0.720638632774353, 0.7192763686180115, 0.6978246569633484, 0.6771122813224792, 0.6658879518508911, 0.6557233929634094, 0.649715006351471, 0.6435574293136597, 0.6382092237472534, 0.6336138844490051, 0.6331844925880432, 0.630558967590332, 0.6263389587402344, 0.6208057403564453, 0.6173234581947327, 0.613444983959198, 0.611532986164093, 0.6089143753051758, 0.6072779297828674, 0.6068840622901917], "learning_rate": [9.999999974752427e-07, 2.7999999474559445e-06, 4.600000011123484e-06, 6.4000000747910235e-06, 8.199999683711212e-06, 9.999999747378752e-06, 9.999999747378752e-06, 9.999999747378752e-06, 9.999999747378752e-06, 9.999999747378752e-06, 9.999999747378752e-06, 9.999999747378752e-06, 9.999999747378752e-06, 9.999999747378752e-06, 9.999999747378752e-06, 9.999999747378752e-06, 9.999999747378752e-06, 9.999999747378752e-06, 9.999999747378752e-06, 9.999999747378752e-06, 9.999999747378752e-06, 9.999999747378752e-06, 9.999999747378752e-06, 9.999999747378752e-06]}