{"acc": [0.4928571283817291, 0.5357142686843872, 0.5928571224212646, 0.6142857074737549, 0.5571428537368774, 0.6285714507102966, 0.5714285969734192, 0.6714285612106323, 0.5571428537368774, 0.6000000238418579, 0.6142857074737549, 0.5642856955528259, 0.6214285492897034, 0.6285714507102966, 0.6142857074737549, 0.5214285850524902, 0.6642857193946838, 0.6285714507102966, 0.6428571343421936, 0.6428571343421936, 0.6499999761581421, 0.5714285969734192, 0.6642857193946838, 0.6142857074737549, 0.6214285492897034, 0.6285714507102966, 0.5785714387893677], "loss": [0.6960948705673218, 0.6927059292793274, 0.683022141456604, 0.6741130948066711, 0.6878949403762817, 0.6670165061950684, 0.6852518916130066, 0.6503310203552246, 0.6941607594490051, 0.6692432761192322, 0.6724094152450562, 0.6732551455497742, 0.6659061312675476, 0.6529567837715149, 0.6602058410644531, 0.6897948980331421, 0.6438509225845337, 0.6533759236335754, 0.6421820521354675, 0.6508772969245911, 0.6592533588409424, 0.6694963574409485, 0.6619266867637634, 0.6563862562179565, 0.6512545347213745, 0.6382384300231934, 0.6575042605400085], "val_acc": [0.5, 0.5, 0.5, 0.5, 0.5, 0.4833333194255829, 0.5, 0.5, 0.6166666746139526, 0.6833333373069763, 0.7333333492279053, 0.8166666626930237, 0.7333333492279053, 0.75, 0.7333333492279053, 0.7333333492279053, 0.7166666388511658, 0.7166666388511658, 0.7166666388511658, 0.6666666865348816, 0.699999988079071, 0.6666666865348816, 0.699999988079071, 0.6833333373069763, 0.6666666865348816, 0.7833333611488342, 0.7166666388511658], "val_loss": [0.6982638835906982, 0.7019780278205872, 0.6945062279701233, 0.7073065638542175, 0.7097238302230835, 0.691692054271698, 0.7158653736114502, 0.832544207572937, 0.6558353900909424, 0.6284235715866089, 0.5968605279922485, 0.6074753403663635, 0.5535217523574829, 0.5559155941009521, 0.5576243996620178, 0.5770036578178406, 0.5485712885856628, 0.5365959405899048, 0.5380032658576965, 0.573737382888794, 0.5526161193847656, 0.5654952526092529, 0.5729125738143921, 0.6030169129371643, 0.6070468425750732, 0.5781165361404419, 0.5570538640022278], "learning_rate": [9.999999974752427e-07, 2.7999999474559445e-06, 4.600000011123484e-06, 6.4000000747910235e-06, 8.199999683711212e-06, 9.999999747378752e-06, 9.999999747378752e-06, 9.999999747378752e-06, 9.999999747378752e-06, 9.999999747378752e-06, 9.999999747378752e-06, 9.999999747378752e-06, 9.999999747378752e-06, 9.999999747378752e-06, 9.999999747378752e-06, 9.999999747378752e-06, 9.999999747378752e-06, 9.999999747378752e-06, 9.999999747378752e-06, 9.999999747378752e-06, 9.999999747378752e-06, 9.999999747378752e-06, 9.999999747378752e-06, 9.999999747378752e-06, 9.999999747378752e-06, 9.999999747378752e-06, 9.999999747378752e-06]}