{"acc": [0.6071428656578064, 0.5785714387893677, 0.6071428656578064, 0.5571428537368774, 0.5357142686843872, 0.6214285492897034, 0.5928571224212646, 0.5428571701049805, 0.5642856955528259, 0.6142857074737549, 0.6214285492897034, 0.6071428656578064, 0.6642857193946838, 0.6000000238418579, 0.6642857193946838, 0.6571428775787354, 0.5785714387893677, 0.6571428775787354, 0.6714285612106323, 0.6000000238418579, 0.6285714507102966, 0.6214285492897034, 0.5857142806053162, 0.6142857074737549, 0.7214285731315613, 0.6571428775787354, 0.550000011920929, 0.699999988079071, 0.6571428775787354, 0.6428571343421936, 0.6357142925262451, 0.6571428775787354, 0.6428571343421936, 0.6642857193946838, 0.6928571462631226, 0.6571428775787354, 0.6642857193946838, 0.6785714030265808, 0.6285714507102966, 0.6714285612106323, 0.6928571462631226], "loss": [0.6852222084999084, 0.688377857208252, 0.6754873991012573, 0.6843252778053284, 0.6932849287986755, 0.6745259165763855, 0.6698220372200012, 0.6840566992759705, 0.6780477166175842, 0.6481124758720398, 0.6552295684814453, 0.6582169532775879, 0.6354583501815796, 0.6652435064315796, 0.6309249997138977, 0.659647524356842, 0.6721252202987671, 0.6231238842010498, 0.6419413685798645, 0.6405997276306152, 0.6514202952384949, 0.6598474383354187, 0.6452891230583191, 0.656472384929657, 0.6035791635513306, 0.6056032776832581, 0.65796959400177, 0.64192134141922, 0.6251904368400574, 0.6265333890914917, 0.6277759671211243, 0.6117626428604126, 0.6321383714675903, 0.6357541084289551, 0.6235294938087463, 0.623596727848053, 0.6043252944946289, 0.6314243674278259, 0.6361157298088074, 0.5929559469223022, 0.595938503742218], "val_acc": [0.5, 0.5, 0.5, 0.5, 0.5, 0.5, 0.5, 0.5, 0.5, 0.5833333134651184, 0.699999988079071, 0.699999988079071, 0.7166666388511658, 0.6833333373069763, 0.6833333373069763, 0.6666666865348816, 0.6666666865348816, 0.6833333373069763, 0.7166666388511658, 0.699999988079071, 0.75, 0.75, 0.75, 0.6499999761581421, 0.699999988079071, 0.7666666507720947, 0.7333333492279053, 0.75, 0.7166666388511658, 0.7333333492279053, 0.75, 0.75, 0.7166666388511658, 0.699999988079071, 0.6499999761581421, 0.7666666507720947, 0.5833333134651184, 0.75, 0.6000000238418579, 0.699999988079071, 0.75], "val_loss": [0.6965855360031128, 0.7119312882423401, 0.8197643756866455, 1.1313846111297607, 0.994533360004425, 1.3802598714828491, 1.2347028255462646, 0.875520646572113, 0.7405269742012024, 0.7015457153320312, 0.5934353470802307, 0.5961247682571411, 0.5891323685646057, 0.5747536420822144, 0.6104361414909363, 0.5958659052848816, 0.6057899594306946, 0.5490270853042603, 0.5551155805587769, 0.5526807308197021, 0.5391330122947693, 0.5671985149383545, 0.5667866468429565, 0.5887241363525391, 0.61612468957901, 0.5151059627532959, 0.5354530811309814, 0.5487341284751892, 0.5265126824378967, 0.5152174830436707, 0.5459916591644287, 0.5021765828132629, 0.5128124952316284, 0.5730438828468323, 0.5775507688522339, 0.5373233556747437, 0.6780460476875305, 0.5254839658737183, 0.607098400592804, 0.5521458387374878, 0.5087912678718567], "learning_rate": [9.999999974752427e-07, 2.7999999474559445e-06, 4.600000011123484e-06, 6.4000000747910235e-06, 8.199999683711212e-06, 9.999999747378752e-06, 9.999999747378752e-06, 9.999999747378752e-06, 9.999999747378752e-06, 9.999999747378752e-06, 9.999999747378752e-06, 9.999999747378752e-06, 9.999999747378752e-06, 9.999999747378752e-06, 9.999999747378752e-06, 9.999999747378752e-06, 9.999999747378752e-06, 9.999999747378752e-06, 9.999999747378752e-06, 9.999999747378752e-06, 9.999999747378752e-06, 9.999999747378752e-06, 9.999999747378752e-06, 9.999999747378752e-06, 9.999999747378752e-06, 9.999999747378752e-06, 9.999999747378752e-06, 9.999999747378752e-06, 9.999999747378752e-06, 9.999999747378752e-06, 9.999999747378752e-06, 9.999999747378752e-06, 9.999999747378752e-06, 9.999999747378752e-06, 9.999999747378752e-06, 9.999999747378752e-06, 9.999999747378752e-06, 9.999999747378752e-06, 9.999999747378752e-06, 9.999999747378752e-06, 9.999999747378752e-06]}