{"acc": [0.5, 0.5, 0.5, 0.5, 0.5285714268684387, 0.5285714268684387, 0.5857142806053162, 0.5785714387893677, 0.5142857432365417, 0.5714285969734192, 0.6000000238418579, 0.5642856955528259, 0.6071428656578064, 0.5428571701049805, 0.6214285492897034, 0.5785714387893677, 0.5785714387893677, 0.6857143044471741, 0.6214285492897034, 0.6571428775787354, 0.6142857074737549, 0.6571428775787354, 0.5785714387893677, 0.5571428537368774, 0.6000000238418579, 0.6857143044471741, 0.6214285492897034, 0.6142857074737549, 0.6000000238418579, 0.6071428656578064, 0.6714285612106323, 0.6428571343421936, 0.5857142806053162, 0.5642856955528259, 0.5714285969734192, 0.6714285612106323, 0.6285714507102966, 0.6071428656578064, 0.6357142925262451, 0.6357142925262451, 0.6285714507102966, 0.6428571343421936, 0.5428571701049805, 0.6714285612106323, 0.6571428775787354], "loss": [0.7277312874794006, 0.7229984998703003, 0.7175039052963257, 0.7141545414924622, 0.6910234093666077, 0.6876612305641174, 0.684917688369751, 0.6786630153656006, 0.6964079737663269, 0.6771223545074463, 0.677991509437561, 0.6831191778182983, 0.661579966545105, 0.6830840706825256, 0.6516296863555908, 0.6953951120376587, 0.6611635088920593, 0.6598045229911804, 0.6768827438354492, 0.6306480765342712, 0.6650223135948181, 0.6456115245819092, 0.6839026212692261, 0.6634882688522339, 0.669113039970398, 0.6513662338256836, 0.6556315422058105, 0.6332553625106812, 0.6619693636894226, 0.6693670749664307, 0.6443153023719788, 0.6498749852180481, 0.6619837880134583, 0.6819943189620972, 0.6642233729362488, 0.6345274448394775, 0.6394574046134949, 0.6501844525337219, 0.6552084684371948, 0.6673293709754944, 0.6593076586723328, 0.6449832320213318, 0.6864829659461975, 0.6193466186523438, 0.6187590956687927], "val_acc": [0.5, 0.5, 0.5, 0.5, 0.5, 0.5, 0.5, 0.5, 0.5, 0.5, 0.6666666865348816, 0.7166666388511658, 0.699999988079071, 0.699999988079071, 0.7166666388511658, 0.6666666865348816, 0.6833333373069763, 0.6833333373069763, 0.699999988079071, 0.699999988079071, 0.6666666865348816, 0.6833333373069763, 0.6833333373069763, 0.7166666388511658, 0.7166666388511658, 0.7333333492279053, 0.7166666388511658, 0.7166666388511658, 0.7333333492279053, 0.75, 0.699999988079071, 0.7166666388511658, 0.7166666388511658, 0.7166666388511658, 0.7333333492279053, 0.7333333492279053, 0.7333333492279053, 0.75, 0.7333333492279053, 0.7333333492279053, 0.7166666388511658, 0.699999988079071, 0.7333333492279053, 0.7166666388511658, 0.7166666388511658], "val_loss": [0.7289985418319702, 0.7295141816139221, 0.7210052609443665, 0.70087730884552, 0.6991196870803833, 0.8110752701759338, 0.91307532787323, 0.9201145768165588, 0.8474451899528503, 0.7280173897743225, 0.6230690479278564, 0.5928728580474854, 0.584019124507904, 0.5788730978965759, 0.5757623314857483, 0.5801327228546143, 0.5782874822616577, 0.5908883213996887, 0.5722306370735168, 0.5615510940551758, 0.5616318583488464, 0.5515830516815186, 0.575967013835907, 0.568816065788269, 0.5759810209274292, 0.5525468587875366, 0.5592048168182373, 0.5426835417747498, 0.5483009815216064, 0.5536192059516907, 0.561241090297699, 0.5389911532402039, 0.5419875979423523, 0.5544559359550476, 0.5544245839118958, 0.5462190508842468, 0.5300866961479187, 0.5353108644485474, 0.5333817601203918, 0.557442307472229, 0.5482127666473389, 0.5383118391036987, 0.5456261038780212, 0.5233204960823059, 0.5317775011062622], "learning_rate": [9.999999974752427e-07, 2.7999999474559445e-06, 4.600000011123484e-06, 6.4000000747910235e-06, 8.199999683711212e-06, 9.999999747378752e-06, 9.999999747378752e-06, 9.999999747378752e-06, 9.999999747378752e-06, 9.999999747378752e-06, 9.999999747378752e-06, 9.999999747378752e-06, 9.999999747378752e-06, 9.999999747378752e-06, 9.999999747378752e-06, 9.999999747378752e-06, 9.999999747378752e-06, 9.999999747378752e-06, 9.999999747378752e-06, 9.999999747378752e-06, 9.999999747378752e-06, 9.999999747378752e-06, 9.999999747378752e-06, 9.999999747378752e-06, 9.999999747378752e-06, 9.999999747378752e-06, 9.999999747378752e-06, 9.999999747378752e-06, 9.999999747378752e-06, 9.999999747378752e-06, 9.999999747378752e-06, 9.999999747378752e-06, 9.999999747378752e-06, 9.999999747378752e-06, 9.999999747378752e-06, 9.999999747378752e-06, 9.999999747378752e-06, 9.999999747378752e-06, 9.999999747378752e-06, 9.999999747378752e-06, 9.999999747378752e-06, 9.999999747378752e-06, 9.999999747378752e-06, 9.999999747378752e-06, 9.999999747378752e-06]}