{"acc": [0.6000000238418579, 0.5214285850524902, 0.5857142806053162, 0.5857142806053162, 0.5857142806053162, 0.5785714387893677, 0.6142857074737549, 0.5857142806053162, 0.5857142806053162, 0.5785714387893677, 0.6714285612106323, 0.6142857074737549, 0.6571428775787354, 0.6142857074737549, 0.5857142806053162, 0.6428571343421936, 0.6285714507102966, 0.5857142806053162, 0.6071428656578064, 0.6642857193946838, 0.6071428656578064, 0.6357142925262451, 0.6571428775787354, 0.6000000238418579, 0.6571428775787354], "loss": [0.6943998336791992, 0.694904625415802, 0.6905450820922852, 0.6853165030479431, 0.6862974166870117, 0.6828681826591492, 0.6693004965782166, 0.6750467419624329, 0.6748469471931458, 0.6778225898742676, 0.6513400673866272, 0.6509186625480652, 0.6548888683319092, 0.679384708404541, 0.6674962639808655, 0.6481902003288269, 0.6616552472114563, 0.6669678688049316, 0.6717711091041565, 0.6392395496368408, 0.6718174815177917, 0.6629459261894226, 0.6337665915489197, 0.6636850237846375, 0.6303683519363403], "val_acc": [0.5, 0.5, 0.5, 0.5, 0.5, 0.5, 0.5, 0.5, 0.5833333134651184, 0.7333333492279053, 0.6833333373069763, 0.6666666865348816, 0.6499999761581421, 0.6333333253860474, 0.6499999761581421, 0.6166666746139526, 0.6499999761581421, 0.699999988079071, 0.699999988079071, 0.6666666865348816, 0.7166666388511658, 0.7166666388511658, 0.699999988079071, 0.7166666388511658, 0.6666666865348816], "val_loss": [0.7015798091888428, 0.7134454846382141, 0.7264871001243591, 0.768112063407898, 0.8154023289680481, 0.8655526638031006, 0.8300967812538147, 0.7556846737861633, 0.6599841713905334, 0.6215839385986328, 0.6030009984970093, 0.6100574731826782, 0.6090115904808044, 0.6123400926589966, 0.5996248722076416, 0.6666630506515503, 0.6225510239601135, 0.5894525647163391, 0.5915869474411011, 0.5762632489204407, 0.5704521536827087, 0.5641549825668335, 0.5555761456489563, 0.5634374618530273, 0.5537483096122742], "learning_rate": [9.999999974752427e-07, 2.7999999474559445e-06, 4.600000011123484e-06, 6.4000000747910235e-06, 8.199999683711212e-06, 9.999999747378752e-06, 9.999999747378752e-06, 9.999999747378752e-06, 9.999999747378752e-06, 9.999999747378752e-06, 9.999999747378752e-06, 9.999999747378752e-06, 9.999999747378752e-06, 9.999999747378752e-06, 9.999999747378752e-06, 9.999999747378752e-06, 9.999999747378752e-06, 9.999999747378752e-06, 9.999999747378752e-06, 9.999999747378752e-06, 9.999999747378752e-06, 9.999999747378752e-06, 9.999999747378752e-06, 9.999999747378752e-06, 9.999999747378752e-06]}