{"acc": [0.4928571283817291, 0.5928571224212646, 0.5857142806053162, 0.5642856955528259, 0.6000000238418579, 0.6714285612106323, 0.5214285850524902, 0.6642857193946838, 0.5857142806053162, 0.6428571343421936, 0.6357142925262451, 0.6499999761581421, 0.7142857313156128, 0.6285714507102966, 0.6642857193946838, 0.6285714507102966, 0.6071428656578064, 0.6928571462631226, 0.6928571462631226, 0.6642857193946838, 0.699999988079071, 0.6928571462631226, 0.7142857313156128, 0.6714285612106323, 0.7285714149475098, 0.7714285850524902, 0.6428571343421936, 0.75, 0.7214285731315613, 0.6928571462631226, 0.7571428418159485, 0.7642857432365417, 0.7285714149475098, 0.75, 0.8214285969734192, 0.75, 0.800000011920929, 0.7214285731315613, 0.8071428537368774, 0.7428571581840515, 0.7571428418159485, 0.7285714149475098, 0.800000011920929, 0.800000011920929, 0.7857142686843872, 0.8285714387893677, 0.7428571581840515, 0.800000011920929, 0.800000011920929, 0.8142856955528259], "loss": [0.7021921277046204, 0.6916068196296692, 0.6911770105361938, 0.6890300512313843, 0.6833677291870117, 0.6643020510673523, 0.6984149217605591, 0.6640381813049316, 0.6772063374519348, 0.6410053372383118, 0.6521764397621155, 0.6440475583076477, 0.5951153635978699, 0.6766914129257202, 0.6337202787399292, 0.6370636224746704, 0.6661837697029114, 0.6148881912231445, 0.605372428894043, 0.6323041915893555, 0.606706976890564, 0.6027488708496094, 0.589402437210083, 0.6278185248374939, 0.5858914256095886, 0.5697459578514099, 0.6216538548469543, 0.5700812339782715, 0.5885929465293884, 0.552883505821228, 0.5610970258712769, 0.5533183217048645, 0.5324832201004028, 0.5436563491821289, 0.4713326692581177, 0.5011869668960571, 0.44631415605545044, 0.5206979513168335, 0.5003160238265991, 0.5256694555282593, 0.5241062641143799, 0.5398120880126953, 0.4813571274280548, 0.487066388130188, 0.47331324219703674, 0.42497047781944275, 0.4844261109828949, 0.43661558628082275, 0.43361881375312805, 0.438167542219162], "val_acc": [0.5, 0.5, 0.5, 0.5, 0.5, 0.5, 0.5, 0.5, 0.5, 0.550000011920929, 0.7166666388511658, 0.7333333492279053, 0.7333333492279053, 0.550000011920929, 0.699999988079071, 0.6666666865348816, 0.6833333373069763, 0.6833333373069763, 0.75, 0.5666666626930237, 0.699999988079071, 0.6666666865348816, 0.6499999761581421, 0.6000000238418579, 0.6000000238418579, 0.7166666388511658, 0.6000000238418579, 0.5833333134651184, 0.75, 0.5833333134651184, 0.6166666746139526, 0.6666666865348816, 0.7333333492279053, 0.7833333611488342, 0.75, 0.800000011920929, 0.75, 0.7333333492279053, 0.5833333134651184, 0.5, 0.7833333611488342, 0.8166666626930237, 0.7333333492279053, 0.699999988079071, 0.7666666507720947, 0.800000011920929, 0.699999988079071, 0.8333333134651184, 0.8166666626930237, 0.7666666507720947], "val_loss": [0.7046880722045898, 0.7013497948646545, 0.7000318169593811, 0.7015489935874939, 0.8309198617935181, 1.0051566362380981, 0.985331654548645, 0.9464693665504456, 0.8349474668502808, 0.7364962100982666, 0.6530207395553589, 0.5191895365715027, 0.5097586512565613, 0.6620787978172302, 0.5324032306671143, 0.5377923846244812, 0.5564756393432617, 0.5957564115524292, 0.49165964126586914, 0.8366518616676331, 0.4916749894618988, 0.5598072409629822, 0.6940248012542725, 0.6479045748710632, 0.7409144639968872, 0.4821925759315491, 0.5854556560516357, 0.7514381408691406, 0.5203559398651123, 0.6007950901985168, 0.8183582425117493, 0.7165288329124451, 0.5902112126350403, 0.6033864617347717, 0.4490424394607544, 0.3841419219970703, 0.48711225390434265, 0.4730195701122284, 0.9690939784049988, 1.7317583560943604, 0.4337947964668274, 0.42958980798721313, 0.5536463856697083, 0.6197487711906433, 0.47767484188079834, 0.43049731850624084, 0.45761731266975403, 0.4390001595020294, 0.4377523362636566, 0.4947824776172638], "learning_rate": [9.999999974752427e-07, 2.7999999474559445e-06, 4.600000011123484e-06, 6.4000000747910235e-06, 8.199999683711212e-06, 9.999999747378752e-06, 9.999999747378752e-06, 9.999999747378752e-06, 9.999999747378752e-06, 9.999999747378752e-06, 9.999999747378752e-06, 9.999999747378752e-06, 9.999999747378752e-06, 9.999999747378752e-06, 9.999999747378752e-06, 9.999999747378752e-06, 9.999999747378752e-06, 9.999999747378752e-06, 9.999999747378752e-06, 9.999999747378752e-06, 9.999999747378752e-06, 9.999999747378752e-06, 9.999999747378752e-06, 9.999999747378752e-06, 9.999999747378752e-06, 9.999999747378752e-06, 9.999999747378752e-06, 9.999999747378752e-06, 9.999999747378752e-06, 9.999999747378752e-06, 9.999999747378752e-06, 9.999999747378752e-06, 9.999999747378752e-06, 9.999999747378752e-06, 9.999999747378752e-06, 9.999999747378752e-06, 9.999999747378752e-06, 9.999999747378752e-06, 9.999999747378752e-06, 9.999999747378752e-06, 9.999999747378752e-06, 9.999999747378752e-06, 9.999999747378752e-06, 9.999999747378752e-06, 9.999999747378752e-06, 9.999999747378752e-06, 9.999999747378752e-06, 9.999999747378752e-06, 9.999999747378752e-06, 9.999999747378752e-06]}